clean_smiles,pIC50_ido1,pIC50_tdo2
Brc1cc(NCC2CCCCC2)c2cn[nH]c2c1,5.962573502059376,6.0655015487564325
Brc1cc(NCC2CCCCC23OCCO3)c2cn[nH]c2c1,4.4939010400715595,5.690369832574102
Brc1cc(NC[C@@H]2CCCCN2)c2cn[nH]c2c1,4.861697301833718,5.217527375833714
Brc1cc(NC[C@@H]2CCCN2)c2cn[nH]c2c1,5.324221658325915,5.379863945026242
Brc1cc(NC[C@H]2CCCCN2)c2cn[nH]c2c1,4.760450279159527,5.7447274948966935
Brc1cc(NC[C@H]2CCCN2)c2cn[nH]c2c1,4.248336053739013,5.127843727251707
Brc1cc(NCc2cccc3nonc23)c2cn[nH]c2c1,6.130768280269024,5.531652669587842
Brc1cc(NCc2ccccn2)c2cn[nH]c2c1,4.2877713303804645,5.507239610973162
Brc1cccc(-c2nccc3c2[nH]c2ccccc23)c1,5.305394801066432,4.692717952966654
C#Cc1cccc(Nc2c(N)oc3c(C)nccc23)c1,6.4604093769761874,6.301029995663981
C#Cc1cccc(Nc2c(N)oc3cnccc23)c1,6.4604093769761874,6.301029995663981
C=Cc1sc2cncn2c1C(O)C1CCCCC1,7.841637507904751,7.533132379645891
C=Cc1sc2cncn2c1C(O)CC1CCCCC1,7.978810700930062,7.20342566678957
C=Cc1sc2cncn2c1[C@@H](O)C1CCCCC1,8.334419008982048,7.935542010773082
CC(=O)/C=C1\C(=O)Nc2ccc(Cl)cc21,6.443697499232712,4.262092076625361
CC(=O)CC(=O)/C=C1\C(=O)Nc2ccc(Cl)cc21,6.721246399047171,4.398809467384666
CC(=O)CC(=O)CC1(O)C(=O)Nc2ccccc21,6.346787486224656,4.250882337643677
CC(=O)N1CCN(C(=O)c2ccc(Cn3nnc4c3C(=O)c3ccccc3C4=O)cc2)CC1,5.959793372425289,6.7544873321858505
CC(=O)N1CCN(C(=O)c2cccc(Cn3nnc4c3C(=O)c3ccccc3C4=O)c2)CC1,6.220403508742176,7.229147988357855
CC(=O)N1CCN(c2cc(C(F)(F)F)cc3cncn23)CC1,4.7594507517174005,4.7594507517174005
CC(=O)NCCn1cc(-c2ccc(N3CCC(C4c5c(F)cccc5-c5cncn54)CC3)cc2)cn1,7.198596289982645,6.607303046740334
CC(=O)N[C@@H](CC1C(=O)Nc2ccccc21)C(=O)O,6.2076083105017466,4.078469586498757
CC(=O)Nc1cc(Nc2ccc(C(F)(F)F)cc2)c2cc(C(=O)O)[nH]c2c1,4.255707016877324,4.634512015109101
CC(=O)Nc1cc(Nc2ccc(F)c(-c3ccsc3)c2)c2cc(C(=O)O)[nH]c2c1,5.410050398674292,5.5968794788241825
CC(=O)Nc1cc(Nc2ccc(F)c(C)c2)c2cc(C(=O)O)[nH]c2c1,5.73754891026957,5.769551078621726
CC(=O)Nc1cc(Nc2ccc(F)c(C3CC3)c2)c2cc(C(=O)O)[nH]c2c1,5.530177984021837,5.2636034977233574
CC(=O)Nc1cc(Nc2ccc(F)c(Cl)c2)c2cc(C(=O)O)[nH]c2c1,5.075720713938118,5.071604147743286
CC(=O)Nc1cc(Nc2ccc(F)c(F)c2)c2cc(C(=O)O)[nH]c2c1,5.931814138253839,5.809668301829708
CC(=O)Nc1cc(Nc2ccc(F)c(OC(C)C)c2)c2cc(C(=O)O)[nH]c2c1,5.510041520575165,5.189767482004916
CC(=O)Nc1cc(Nc2ccc(F)c(OC(F)(F)F)c2)c2cc(C(=O)O)[nH]c2c1,5.863279432843593,5.441291429466834
CC(=O)Nc1cc(Nc2ccc(F)c(OCC(F)(F)F)c2)c2cc(C(=O)O)[nH]c2c1,5.335358024443875,5.016373712875465
CC(=O)Nc1cc(Nc2ccc(F)c(OCC3CC3)c2)c2cc(C(=O)O)[nH]c2c1,5.507239610973162,5.388276691992658
CC(=O)Nc1cc(Nc2ccc(F)c(OCc3ccccc3)c2)c2cc(C(=O)O)[nH]c2c1,5.0,5.280668713016273
CC(=O)Nc1cc(Nc2ccc(F)c(Oc3ccccc3)c2)c2cc(C(=O)O)[nH]c2c1,5.2343314452409855,5.841637507904751
CC(=O)Nc1cc(Nc2ccc(F)cc2)c2cc(C(=O)O)[nH]c2c1,5.277366077466188,5.114073660198569
CC(=O)Nc1cc(Nc2ccc(F)cn2)c2cc(C(=O)O)[nH]c2c1,4.966576244513051,4.931814138253839
CC(=O)Nc1cc(Nc2ccc(F)nc2)c2cc(C(=O)O)[nH]c2c1,4.414539270491499,4.336299074610352
CC(=O)Nc1cc(Nc2ccc(OC(F)(F)F)cc2)c2cc(C(=O)O)[nH]c2c1,4.6252516539898965,5.243363891754152
CC(=O)Nc1cc(Nc2ccc(OC(F)F)cc2)c2cc(C(=O)O)[nH]c2c1,5.497572880015567,5.259637310505756
CC(=O)Nc1cc(Nc2cccc3[nH]ncc23)c2cc(C(=O)O)[nH]c2c1,5.123782159408358,5.168770306132936
CC(=O)Nc1cccc(-n2nnc3c2C(=O)c2ccccc2C3=O)c1,7.0915149811213505,6.87942606879415
CC(=O)OCc1coc2c1C(=O)C(=O)c1c-2ccc2c1C=CC(=O)C2(C)C,6.638272163982407,6.136677139879544
CC(=O)OCc1coc2c1C(=O)C(=O)c1c-2ccc2c1CCC(=O)C2(C)C,5.926734438996277,6.119713373027803
CC(=O)OCc1coc2c1C(=O)C(=O)c1c-2ccc2c1CC[C@H](O)C2(C)C,5.895054915659371,5.651158706825208
CC(=O)O[C@@H]1CCCC[C@H]1CNc1cc(Br)cc2[nH]ncc12,5.2380721615794705,6.721246399047171
CC(=O)O[C@H]1CCc2c(ccc3c2C(=O)C(=O)c2c(C)coc2-3)C1(C)C,6.3979400086720375,5.992320122295393
CC(=O)O[C@H]1CCc2c(ccc3c2C(=O)C(=O)c2c(CO)coc2-3)C1(C)C,5.926548565035901,5.727074404871368
CC(C(=O)Nc1ccc(Cl)cc1)C1CCC2(CC1)c1ccc(C(F)(F)F)cc1CN2C,8.080921907623926,5.1487416512809245
CC(C(=O)Nc1ccc(Cl)cc1)N1CCC2(CC1)COc1cc(C(F)(F)F)ccc12,6.7685016939859715,4.448550002027125
CC(C(=O)Nc1ccc(Cl)cc1)N1CCC2(CCc3ccccc32)CC1,7.4089353929735005,4.4089353929735005
CC(C)(C(=O)Nc1ccc(Cl)cc1)N1CCC2(CC1)COc1cc(C(F)(F)F)ccc12,7.958607314841775,4.319664486585436
CC(C)(C)C1CCC(C(O)c2c(C3CC3)sc3cncn23)CC1,6.291579099865287,5.555955204081924
CC(C)(C)C1CCC(CC(O)c2c(C3CC3)sc3cncn23)CC1,6.022276394711152,5.363512103646634
CC(C)(C)OC(=O)N1CCC(CNc2cc(Br)cc3[nH]ncc23)C1,5.044793462458058,5.866461091629782
CC(C)(C)OC(=O)N1CCN(Cc2ccc3nc4n(c(=O)c3c2)-c2ccc(F)cc2C4=O)CC1,5.72584215073632,6.886056647693163
CC(C)(C)c1sc2cncn2c1C(O)C1CCCCC1,6.048176964684088,5.688246138944246
CC(C)(C)c1sc2cncn2c1C(O)CC1CCCCC1,6.048176964684088,5.671620396561262
CC(C)C1(C)CCC(C(O)c2c(C3CC3)sc3cncn23)C1,7.478861916295964,6.2373214362725635
CC(C)C1CCC(C(O)c2c(C3CC3)sc3cncn23)CC1,6.991399828238082,5.832682665251824
CC(C)C1CCC(CC(O)c2c(C3CC3)sc3cncn23)CC1,6.291579099865287,5.548213564475709
CC(C)CC1CCC(C(O)c2c(C3CC3)sc3cncn23)C1,7.140861702705469,5.696803942579511
CC(C)Cc1sc2cncn2c1C(O)C1CCCCC1,6.361510743045363,6.2343314452409855
CC(C)Cc1sc2cncn2c1C(O)CC1CCCCC1,6.07727454200674,5.97061622231479
CC(C)c1sc2cncn2c1[C@@H](O)C1CCCCC1,7.931814138253839,6.219682687859849
CC(C)c1sc2cncn2c1[C@@H](O)CC1CCCCC1,7.809668301829708,6.413412695328245
CC(C1CCCCC1)C(O)c1c(C2CC2)sc2cncn12,7.0589857562944305,6.0851281824599495
CC(CC(O)c1c(C2CC2)sc2cncn12)C1CCCCC1,6.906578314837765,6.031050319018657
CC1(C(O)c2c(C(F)(F)F)sc3cncn23)CCCC1,7.787812395596042,7.262012673666569
CC1(C(O)c2c(C3CC3)sc3cncn23)CCCCC1,7.97469413473523,6.982966660701219
CC1(C(O)c2c(C3CC3)sc3cncn23)CCCCCC1,7.493494967595128,6.508638306165727
CC1(C)C(=O)C=Cc2c1ccc1c2C(=O)C(=O)c2c(CCl)coc2-1,6.510681525807763,6.71356419889976
CC1(C)C(=O)C=Cc2c1ccc1c2C(=O)C(=O)c2c(CF)coc2-1,6.281918676479622,6.190401142103527
CC1(C)C(=O)C=Cc2c1ccc1c2C(=O)C(=O)c2c(CO)coc2-1,6.0117791553105775,6.0972495709208
CC1(C)C(=O)CCc2c1ccc1c2C(=O)C(=O)c2c(CO)coc2-1,6.5713337517843655,6.101712833394785
CC1(C)CC(C(O)c2c(C(F)(F)F)sc3cncn23)C1,8.008330992620051,6.0400051616715835
CC1(C)CC(C(O)c2c(C3CC3)sc3cncn23)C1,8.269217724333611,6.570247719997592
CC1(C)CC([C@H](O)c2c(C3CC3)sc3cncn23)C1,8.298432014944073,6.609064892896621
CC1(C)CCC(C(O)c2c(C(F)(F)F)sc3cncn23)C1,7.246416941107094,6.035269078946371
CC1(C)CCC(C(O)c2c(C(F)(F)F)sc3cncn23)CC1,7.2343314452409855,5.557520230935552
CC1(C)CCC(C(O)c2c(C3CC3)sc3cncn23)C1,7.72584215073632,6.542118103266008
CC1(C)CCC(C(O)c2c(C3CC3)sc3cncn23)CC1,7.598599459218456,6.412289034981089
CC1(C)CCC(C)(C(O)c2c(C3CC3)sc3cncn23)C1,7.728158393463501,6.82102305270683
CC1(C)CCC(CC(O)c2c(C(F)(F)F)sc3cncn23)C1,6.504455662453552,5.071092309756048
CC1(C)CCC(CC(O)c2c(C(F)(F)F)sc3cncn23)CC1,6.349692476868063,5.137868620686962
CC1(C)CCC(CC(O)c2c(C3CC3)sc3cncn23)C1,7.404503778174426,6.493494967595128
CC1(C)CCC(CC(O)c2c(C3CC3)sc3cncn23)CC1,7.123782159408358,6.110698297493689
CC1(C)CCC(C[C@@H](O)c2c(C3CC3)sc3cncn23)C1,7.709965388637482,6.581698708680254
CC1(C)CCCC(C(O)c2c(C3CC3)sc3cncn23)C1,7.397940008672037,6.5934598195660445
CC1(C)CCCC(CC(O)c2c(C3CC3)sc3cncn23)C1,7.070070439915412,6.262807357295263
CC1(C)CCCC1C(O)c1c(C2CC2)sc2cncn12,7.130768280269024,6.876148359032914
CC1(C)CCCCC1CC(O)c1c(C2CC2)sc2cncn12,6.832682665251824,6.530177984021837
CC1(C)CCCc2c1ccc1c2C(=O)C(=O)c2c(CO)coc2-1,5.97061622231479,5.7453315209911775
CC1(C)CC[C@H]([C@@H](O)c2c(C3CC3)sc3cncn23)C1,8.22257317761069,6.721246399047171
CC1(C)CC[C@H]([C@H](O)c2c(C3CC3)sc3cncn23)C1,7.823908740944319,6.484126156288321
CC1(C)CN(C(=O)C(=O)Nc2ccc(Cl)cc2)CCC1c1ccnc2ccc(F)cc12,7.638272163982407,5.346787486224656
CC1(C)CN(c2cc(Br)cc3[nH]ncc23)CCN1S(C)(=O)=O,6.585026652029182,6.346787486224656
CC1(C)CN(c2cc(Br)cc3cncn23)CCC12NC(=O)NC2=O,7.059981844992337,5.92009553233328
CC1(C)CN(c2cc(C(F)(F)F)cc3cncn23)CCC12NC(=O)N(CC1CCOCC1)C2=O,5.92009553233328,4.779996573843064
CC1(C)CN(c2cc(C(F)(F)F)cc3cncn23)CCC12NC(=O)N(c1ccccc1)C2=O,5.659952682338607,4.41999931041096
CC1(C)CN(c2cc(C(F)(F)F)cc3cncn23)CCC12NC(=O)NC2=O,5.92009553233328,5.519993057042849
CC1(C)CN(c2cc(C(F)(F)F)cn3cncc23)CCC12NC(=O)NC2=O,5.739928612014925,6.100179497572904
CC1(C)CN(c2cc(Cl)cc3cncn23)CCC12NC(=O)NC2=O,6.910569056421562,6.064862440186053
CC1(C)OB(c2ccc3nc4n(c(=O)c3c2)-c2ccc(F)cc2C4=O)OC1(C)C,5.503999545028773,5.220403508742176
CC1(C)OCC(Cn2cc(-c3ccc(N4CCC(C5c6c(F)cccc6-c6cncn65)CC4)cc3)cn2)O1,7.230622673923861,6.496209316942819
CC1(C)OC[C@H](Cn2cc(-c3ccc(N4CCC(C5c6c(F)cccc6-c6cncn65)CC4)cc3)cn2)O1,7.444905551421681,6.657577319177793
CC1(C)c2ccc3c(c2CC[C@@H]1O)C(=O)C(=O)c1c(CO)coc1-3,6.003215758605136,6.0089775104642555
CC1(CC(O)c2c(C3CC3)sc3cncn23)CCC1,7.379863945026242,6.522878745280337
CC1(CC(O)c2c(C3CC3)sc3cncn23)CCCCC1,7.392544976785332,6.690369832574102
CC1([C@H](O)c2c(C3CC3)sc3cncn23)CCCC1,8.359518563029578,7.371611069949688
CC1(c2ccccc2)CCC(C(O)c2c(C3CC3)sc3cncn23)C1,7.115204636051019,5.892790030352131
CC1(c2sc3cncn3c2C(O)C2CCCCC2)CC1,6.3819519032879075,5.645891560852599
CC1=C(CC(=O)c2sccc2Br)C(=O)c2ccccc2C1=O,4.423658649794207,8.465973893943865
CC1CC(C)(C)CC1C(O)c1c(C2CC2)sc2cncn12,6.764471553092451,6.607303046740334
CC1CCC(C(O)c2c(C(F)(F)F)sc3cncn23)C1,7.341988603342887,6.154281982033341
CC1CCC(C(O)c2c(C(F)(F)F)sc3cncn23)CC1,7.075204004202088,5.707743928643524
CC1CCC(C(O)c2c(C3CC3)sc3cncn23)C1,7.91721462968355,6.342944147142896
CC1CCC(C(O)c2c(C3CC3)sc3cncn23)CC1,7.801342913045577,6.416801226031377
CC1CCC(CC(O)c2c(C3CC3)sc3cncn23)CC1,7.298432014944073,6.195179321278838
CC1CCCC(C(O)c2c(C3CC3)sc3cncn23)C1,7.764471553092451,6.4156687756324695
CC1CCCC(CC(O)c2c(C(F)(F)F)sc3cncn23)C1,6.688246138944246,5.419075024324381
CC1CCCC(CC(O)c2c(C3CC3)sc3cncn23)C1,7.669586226650809,6.293282217663241
CC1CCCC1C(O)c1c(C(F)(F)F)sc2cncn12,6.718966632752273,6.728158393463501
CC1CCCC1C(O)c1c(C2CC2)sc2cncn12,8.075720713938118,7.151195298948196
CC1CCCCC1CC(O)c1c(C(F)(F)F)sc2cncn12,6.782516055786093,5.5718652059712115
CC1CCCCC1CC(O)c1c(C2CC2)sc2cncn12,7.3448615651886175,6.386158178123931
CC1Oc2cc3c(-c4c(O)cc(O)c5c(O)c6c(cc45)OC(C)C(C)C6=O)c(O)cc(O)c3c(O)c2C(=O)C1C,4.355659901173677,4.313810765755976
CCC(C(=O)Nc1ccc(Cl)cc1)N1CCC2(CCOc3cc(C(F)(F)F)ccc32)CC1,7.182258126592544,4.928117992693875
CCC1CCC(C(O)c2c(C3CC3)sc3cncn23)CC1,7.447331783887806,6.2343314452409855
CCC1CCC(CC(O)c2c(C3CC3)sc3cncn23)CC1,7.066512712151295,5.698970004336019
CCC1CCCC1C(O)c1c(C2CC2)sc2cncn12,7.531652669587842,6.642065152999546
CCCC1CCC(CC(O)c2c(C3CC3)sc3cncn23)CC1,6.16304326294045,5.490797477668897
CCCOc1cc(Nc2cc(NC(C)=O)cc3[nH]c(C(=O)O)cc23)ccc1F,5.8297382846050425,5.350665141287858
CCCc1sc2cncn2c1C(O)C1CCCCC1,7.305394801066432,6.815308569182402
CCCc1sc2cncn2c1C(O)CC1CCCCC1,7.434152181326482,6.22548303427145
CCN(CC)C(=O)Cc1ccc(Cn2nnc3c2C(=O)c2ccccc2C3=O)cc1,6.035363296211498,6.838631997765025
CCN(CC)C(=O)c1ccc(Cn2nnc3c2C(=O)c2ccccc2C3=O)cc1,5.714892970433188,6.7423214251308154
CCN(CC)C(=O)c1cccc(Cn2nnc3c2C(=O)c2ccccc2C3=O)c1,6.0101054362812265,7.045757490560675
CCN(CC)C(=O)c1coc2c1C(=O)C(=O)c1c-2ccc2c1C=CC(=O)C2(C)C,5.485452247339714,5.020451625295905
CCNC1=C/C(=N\c2ccc(F)c(Cl)c2)c2cc(C(=O)O)[nH]c2C1=O,7.744727494896693,7.602059991327963
CCNc1cc(Nc2ccc(F)c(Cl)c2)c2cc(C(=O)O)[nH]c2c1,5.756961951313706,5.452225294612178
CCOC(=O)/C=C/c1ccc2nc3n(c(=O)c2c1)-c1ccc(F)cc1C3=O,7.210108201691595,6.431798275933005
CCOC(=O)C(C(=O)OCC)=C1C(=O)Nc2ccccc21,6.031517051446065,4.148680487351255
CCOP(=O)(CC)NCCNc1nonc1/C(=N/O)Nc1ccc(F)c(Br)c1,7.394921031173379,5.5951662833800615
CCOc1cc(Nc2cc(NC(C)=O)cc3[nH]c(C(=O)O)cc23)ccc1F,5.657577319177793,5.289882634888183
CC[C@@H](C(=O)Nc1ccc(Cl)cc1)N1CCC2(CC1)COc1cc(C(F)(F)F)ccc12,7.182258126592544,4.943095148663527
CC[C@H](C(=O)Nc1ccc(Cl)cc1)N1CCC2(CC1)COc1cc(C(F)(F)F)ccc12,6.962573502059376,4.809668301829708
CC[C@H](C(=O)Nc1ccc(Cl)cn1)[C@H]1CC[C@]2(CC1)COc1cc(C(F)(F)F)ccc12,7.324875990832918,4.578396073130169
CC[C@H](C)c1sc2cncn2c1C(O)C1CCCCC1,6.764471553092451,6.016824927962187
CCc1ccc(C(O)c2c(C3CC3)sc3cncn23)cc1,7.221125527997261,5.815308569182402
CCc1cccc(C(O)c2c(C3CC3)sc3cncn23)c1,6.920818753952375,5.732828271596986
CCc1sc2cncn2c1C(O)C1(C)CCCC1,8.303643611266669,7.542118103266008
CCc1sc2cncn2c1C(O)C1(C)CCCCC1,8.152427340857887,7.175223537524454
CCc1sc2cncn2c1C(O)C1CC(C)(C)C1,8.177178354696895,7.137272471682025
CCc1sc2cncn2c1C(O)C1CCCCC1,8.126449534317507,7.548998554324635
CCc1sc2cncn2c1C(O)CC1CCC(C)(C)CC1,6.928117992693875,5.889410289700751
CCc1sc2cncn2c1C(O)CC1CCCC1,7.539102157243452,6.692503962086787
CCc1sc2cncn2c1C(O)CC1CCCCC1,8.178486471595226,6.52432881167557
CCc1sc2cncn2c1C(O)c1ccccc1,7.226945306635737,6.709965388637482
CCc1sc2cncn2c1[C@@H](O)CC1CCCCC1,8.106793246940152,6.694648630553377
CCc1sc2cncn2c1[C@H](O)CC1CCCCC1,5.924453038607469,5.002176919254275
CN(C)CCNC(=O)c1c2c(n3ccccc13)C(=O)c1cccnc1C2=O,6.3170875965703175,5.145693958198919
CN(C)CCNC(=O)c1c2c(n3ccccc13)C(=O)c1ncccc1C2=O,6.5140699586105,5.474955192963154
CN(C)CCc1ccc2nc3n(c(=O)c2c1)C1C=CC(F)=CC1C3=O,7.698970004336019,7.221848749616356
CN(C)Cc1ccc2nc3n(c(=O)c2c1)-c1ccc(F)cc1C3=O,6.958607314841775,7.045757490560675
CN(C)c1ccc2nc3n(c(=O)c2c1)-c1ccc(F)cc1C3=O,5.054531414868181,5.906578314837765
CN1C(=O)C(N2CCN(Cc3cc(C(F)(F)F)cn4cncc34)CC2)C(=O)C1(C)C,4.7594507517174005,4.7594507517174005
CN1C(=O)NC2(CCN(c3cc(C(F)(F)F)cc4cncn34)CC2(C)C)C1=O,6.199970640755866,5.5699249444480605
CN1C(=O)NC2(CCN(c3cc(C(F)(F)F)cc4cncn34)CC2)C1=O,5.890084136976207,5.739928612014925
CN1CCN(C(=O)c2ccc(Cn3nnc4c3C(=O)c3ccccc3C4=O)cc2)CC1,5.684239509334265,7.244727494896693
CN1CCN(C(=O)c2cccc(Cn3nnc4c3C(=O)c3ccccc3C4=O)c2)CC1,6.187797066201078,7.522878745280337
CN1CCN(CCc2ccc3nc4n(c(=O)c3c2)C2C=CC(F)=CC2C4=O)CC1,7.698970004336019,7.045757490560675
CN1CCN(Cc2ccc3nc4n(c(=O)c3c2)-c2ccc(F)cc2C4=O)CC1,6.301029995663981,6.313912356942468
CN1CCN(Cc2ccc3nc4n(c(=O)c3c2)-c2ccccc2C4=O)CC1,5.598599459218456,6.376750709602099
CN1CCN(c2ccc3nc4n(c(=O)c3c2)-c2ccc(F)cc2C4=O)CC1,5.692867856320648,6.360623199523586
CN1CCN(c2ccc3nc4n(c(=O)c3c2)-c2ccccc2C4=O)CC1,5.120904120499927,5.170696227168975
COC(=O)C1CCCN(Cc2ccc3nc4n(c(=O)c3c2)-c2ccc(F)cc2C4=O)C1,6.138231119233971,5.542118103266008
COC(=O)C1CCCN1Cc1ccc2nc3n(c(=O)c2c1)-c1ccc(F)cc1C3=O,6.246072064152084,6.522878745280337
COC(=O)C1CCN(Cc2ccc3nc4n(c(=O)c3c2)-c2ccc(F)cc2C4=O)CC1,6.372363747448347,6.00436480540245
COC(=O)c1ccc(-n2nnc3c2C(=O)c2ccccc2C3=O)cc1,7.468521082957745,7.236572006437063
COC1CCC(CC(O)c2c(C3CC3)sc3cncn23)CC1,7.94692155651658,5.876148359032914
COC1CCCC(C(O)c2c(C3CC3)sc3cncn23)C1,6.962573502059376,5.732828271596986
COC1CCCC(CC(O)c2c(C3CC3)sc3cncn23)C1,7.392544976785332,5.73754891026957
COC1CCN(C(=O)c2ccc(Cn3nnc4c3C(=O)c3ccccc3C4=O)cc2)CC1,5.797784224198868,6.679853713888946
COCCn1c2nc(=O)n(-c3ccccc3)c(=O)c-2nc2ccccc21,4.62397081827182,4.472112434047295
COCCn1cc(-c2ccc(N3CCC(C4c5c(F)cccc5-c5cncn54)CC3)cc2)cn1,7.440093374963888,6.663540266151471
COCc1sc2cncn2c1C(O)C1CCCCC1,6.128427064454121,6.485452247339714
COP(C)(=O)NCCCCNc1nonc1/C(=N/O)Nc1ccc(F)c(Br)c1,7.320376412755153,5.478861916295964
COP(C)(=O)NCCCNc1nonc1/C(=N/O)Nc1ccc(F)c(Br)c1,7.026872146400302,5.585026652029182
COP(C)(=O)NCCNc1nonc1/C(=N/O)Nc1ccc(F)c(Br)c1,7.489322643459289,5.402304814074488
COc1cc(CNc2cc(Br)cc3[nH]ncc23)c([N+](=O)[O-])cc1OC,4.734003629504921,5.982966660701219
COc1cc(Nc2c(N)oc3cnccc23)ccc1Cl,6.698970004336019,6.301029995663981
COc1cc(Nc2cc(NC(C)=O)cc3[nH]c(C(=O)O)cc23)cc(OC)c1OC,5.497572880015567,5.147520006363144
COc1cc(Nc2cc(NC(C)=O)cc3[nH]c(C(=O)O)cc23)ccc1F,5.910094888560602,5.603800652904264
COc1cc(Nc2ccc(F)c3[nH]c(C(=O)O)cc23)cc(OC)c1OC,4.653647025549361,4.632644078973981
COc1cc(Nc2ccc(F)c3[nH]c(C(=O)O)cc23)ccc1F,4.2644011003018205,4.503070351926785
COc1cc2c(Nc3ccc(F)c(Cl)c3)c(N)oc2c(-c2ccc(F)cc2)n1,6.698970004336019,6.301029995663981
COc1ccc(-c2cc3ccc(OC)c(O)c3cn2)cc1,5.475042282163251,6.346787486224656
COc1ccc(-c2cc3ccc(OC)c(OC)c3cn2)cc1,4.95311480916229,5.565431095965801
COc1ccc(-c2sc3cncn3c2C(O)C2CCCCC2)cc1,5.510041520575165,5.701146923590294
COc1ccc(C(O)c2c(C3CC3)sc3cncn23)cc1,7.060980223551334,5.6439741428068775
COc1ccc(C2c3c(C)n[nH]c3Oc3[nH]nc(N)c32)cc1O,6.913640169325252,5.522878745280337
COc1ccc(CNc2cc(-c3nnc(N4CCC(C5c6c(F)cccc6-c6cncn65)CC4)s3)ccn2)cc1,7.97469413473523,6.982966660701219
COc1ccc(Cl)cc1Nc1c(N)oc2cnccc12,6.698970004336019,6.301029995663981
COc1ccc(Nc2cc(NC(C)=O)cc3[nH]c(C(=O)O)cc23)cc1,5.767003889607846,5.521433504406157
COc1ccc(Nc2cc(NC(C)=O)cc3[nH]c(C(=O)O)cc23)cn1,5.467245621007502,5.441291429466834
COc1ccc(Nc2cc(NC(C)=O)cc3[nH]c(C(=O)O)cc23)nc1,5.325138859262188,5.278189384787454
COc1ccc(Nc2ccc(F)c(Cl)c2)c2cc(C(=O)O)[nH]c12,4.489454989793388,4.709965388637482
COc1ccc2c(c1)C(=O)c1nnn(-c3ccc(F)c(Cl)c3)c1C2=O,6.787812395596042,6.978810700930062
COc1ccc2cc(-c3ccc(Br)cc3)ncc2c1OC,4.104522203724286,4.464959186748839
COc1ccc2cc(-c3ccc(C(=O)Nc4ccccc4)cc3)ncc2c1O,4.995678626217358,5.626585634128262
COc1ccc2cc(-c3ccc(C(F)(F)F)cc3)ncc2c1O,4.81559251458768,5.137868620686962
COc1ccc2cc(-c3ccc(F)cc3)ncc2c1OC,4.370386554621817,5.041914151478915
COc1ccc2cc(-c3ccc(NC(=O)C(C)(C)C)cc3)ncc2c1O,5.55129368009492,5.920818753952375
COc1ccc2cc(-c3ccc(NC(=O)C(F)(F)F)cc3)ncc2c1O,5.212539525481585,5.935542010773082
COc1ccc2cc(-c3ccc(NC(=O)Nc4ccccc4)cc3)ncc2c1O,4.296794629304514,4.8449677712090296
COc1ccc2cc(-c3ccc(NC(=O)c4ccccc4)cc3)ncc2c1O,5.351639989019068,5.778298091556437
COc1ccc2cc(-c3ccc(NC(C)=O)cc3)ncc2c1O,5.675717544702307,6.455931955649724
COc1ccc2cc(-c3ccc(NS(=O)(=O)C(F)(F)F)cc3)ncc2c1O,6.346787486224656,6.130768280269024
COc1ccc2cc(-c3ccc(NS(=O)(=O)C4CC4)cc3)ncc2c1O,5.342944147142896,5.473660722610156
COc1ccc2cc(-c3ccc(NS(=O)(=O)N4CCCCC4)cc3)ncc2c1O,4.813326132500255,5.098541678603888
COc1ccc2cc(-c3ccc(NS(C)(=O)=O)cc3)ncc2c1O,5.272425239410087,5.764794754512035
COc1ccc2cc(-c3ccc4c(c3)OCO4)ncc2c1O,5.292429823902063,5.570190710613909
COc1ccc2cc(-c3ccccc3)ncc2c1O,5.408806941481466,5.620241620268906
COc1ccc2cc(-c3ccccc3)ncc2c1OC,5.1073489661227,6.468521082957745
COc1ccc2cc(-c3cccs3)ncc2c1O,4.677987561417599,5.991399828238082
COc1ccc2cc(-c3cccs3)ncc2c1OC,4.949233688766958,5.5376020021010435
COc1ccc2cc(C34C[C@H]5C[C@@H](C3)C[C@@H](C4)C5)ncc2c1OC,4.749092300299144,5.578396073130169
COc1ccc2cc3[n+](cc2c1OC)CCc1cc2c(cc1-3)OCO2,6.585026652029182,7.522878745280337
COc1cccc(C(=O)Nc2ccc(-c3cc4ccc(OC)c(O)c4cn3)cc2)c1,4.846795099915716,5.38933983691012
COc1cccc(C(O)c2c(C3CC3)sc3cncn23)c1,6.600326278518962,5.480172006224281
COc1cccc(CC(O)c2c(C)sc3cncn23)c1,5.501689446210399,5.145086977692144
COc1cccc(NC(=O)C2CCC([C@@H]3c4c(F)cccc4-c4cncn43)CC2)c1,7.442492798094342,6.735182176990463
COc1ccccc1C(=O)CC(=O)c1ccc(C)cc1O,4.686132779630847,4.686132779630847
COc1ccccc1C(O)c1c(C2CC2)sc2cncn12,5.954677021213342,5.167491087293763
COc1ccccc1C(ON)c1ccccc1,5.296474592597875,4.311580177997289
CS(=O)(=O)N1CCC(Oc2ccc(N3CCC(C4c5c(F)cccc5-c5cncn54)CC3)cc2)CC1,7.809668301829708,6.614393726401688
CS(=O)(=O)N1CCC(n2cc(-c3ccc(N4CCC(C5c6c(F)cccc6-c6cncn65)CC4)cc3)cn2)CC1,7.847711655616943,6.982966660701219
CS(=O)(=O)N1CCN(c2cc(C(F)(F)F)cc3cncn23)CC1,4.46929638113885,4.46929638113885
CS(=O)(=O)N1CCN(c2cc(Cl)cc3cncn23)CC1,4.7594507517174005,4.7594507517174005
CS(=O)(=O)c1ccc(-c2cc(C(F)(F)F)cc3cncn23)cc1,4.7594507517174005,4.1791420105603
CS(=O)(=O)c1ccc(CNc2cc(C(F)(F)F)cc3[nH]ncc23)c([N+](=O)O)c1,4.236871623200863,6.102372908709558
C[C@@H](C(=O)Nc1ccc(Cl)cc1)[C@H]1CC[C@@H](c2ccnc3ccc(F)cc32)CC1,8.55284196865778,5.4089353929735005
C[C@@H](C(=O)Nc1ccc(Cl)cc1)[C@H]1CC[C@@]2(CC1)COc1cc(C(F)(F)F)ccc12,8.18045606445813,4.987162775294828
C[C@@H](C(=O)Nc1ccc(Cl)cc1)[C@H]1CC[C@]2(CC1)COc1cc(C(F)(F)F)ccc12,7.161150909262744,4.978810700930062
C[C@H](C(=O)Nc1ccc(Cl)cc1)[C@H]1CC[C@@]2(CC1)COc1cc(C(F)(F)F)ccc12,7.792429823902063,5.107905397309519
C[C@H](C(=O)Nc1ccc(Cl)cc1)[C@H]1CC[C@]2(CC1)COc1cc(C(F)(F)F)ccc12,7.8464660246693505,5.136677139879544
C[C@H](C(=O)Nc1ccc(Cl)cc1)[C@H]1CC[C@]2(CC1)COc1nc(C(F)(F)F)ccc12,8.267606240177031,5.1487416512809245
C[C@H](C(=O)Nc1ccc(Cl)cc1)[C@H]1CC[C@]2(CC1)COc1ncc(C(F)(F)F)cc12,8.102372908709558,4.735182176990463
C[C@H]1COC2=C1C(=O)C(=O)c1c2ccc2c1CCCC2(C)C,5.0,5.008773924307505
Cc1cc(-c2cnn(C)c2)ccc1N1CCC(C2c3c(F)cccc3-c3cncn32)CC1,6.92974597848091,6.645891560852599
Cc1cc(-c2sc3cncn3c2C(O)C2CCCCC2)cs1,6.115771230367396,6.068542129310995
Cc1cc(=O)n2c3c(c4c(cc13)c(CN(C)C)cc(=O)n4C)OC2,4.569119053547109,4.753255290276159
Cc1cc(C)cc(Nc2c(N)oc3cnccc23)c1,6.4604093769761874,6.301029995663981
Cc1cc(Cl)cc(Nc2c(N)oc3cnccc23)c1,6.698970004336019,6.301029995663981
Cc1cc(N2CCC(C3c4c(F)cccc4-c4cncn43)CC2)ccc1-c1cnn(C)c1,7.385543297002656,6.943095148663527
Cc1cc(NC[C@@H]2CCCC[C@H]2O)c2cn[nH]c2c1,5.498940737782249,6.3872161432802645
Cc1cc(Nc2c(N)oc3cnccc23)ccc1Cl,6.4604093769761874,6.301029995663981
Cc1cc(Nc2ccc(F)c(Cl)c2)c2cc(C(=O)O)[nH]c2c1,4.448550002027125,4.647817481888637
Cc1ccc(-c2sc3cncn3c2C(O)C2CCCCC2)cc1,5.508638306165727,5.995678626217358
Cc1ccc(/C(=N/O)Nc2cccc(Br)c2)s1,7.133712660915805,5.234256958578955
Cc1ccc(C(=O)CC(=O)c2ccccc2OC(C)C)c(O)c1,4.966576244513051,4.966576244513051
Cc1ccc(C(O)c2c(C3CC3)sc3cncn23)cc1,7.315154638355588,5.835647144215563
Cc1ccc(C(ON)c2ccc(Cl)cc2)c(O)c1,5.7544873321858505,4.718966632752273
Cc1ccc(Cn2nnc3c2C(=O)c2ccccc2C3=O)cc1,5.752026733638194,5.963371104637839
Cc1ccc(NC(=O)N2CCC(C(O)CC3c4ccccc4-c4cnnn43)CC2)cc1,5.129818655252878,5.129818655252878
Cc1ccc(Nc2c(N)oc3cnccc23)cc1Br,6.4604093769761874,6.301029995663981
Cc1ccc(Nc2c(N)oc3cnccc23)cc1C,6.4604093769761874,6.301029995663981
Cc1ccc(S(=O)(=O)N/N=C2\C(=O)Nc3ccccc32)cc1,5.749579997691106,4.276544327964814
Cc1cccc(-n2nnc3c2C(=O)c2ccccc2C3=O)c1,6.913640169325252,7.1938200260161125
Cc1cccc(C(O)c2c(C3CC3)sc3cncn23)c1,7.188424994129407,7.651695136951839
Cc1cccc(Cn2nnc3c2C(=O)c2ccccc2C3=O)c1,5.336110701377339,5.758204568704802
Cc1cccc(Nc2c(N)sc3ccccc23)c1C,6.698970004336019,6.301029995663981
Cc1ccccc1C(O)c1c(C2CC2)sc2cncn12,5.935542010773082,5.5968794788241825
Cc1ccccc1CC(O)c1c(C2CC2)sc2cncn12,6.3655227298392685,6.2380721615794705
Cc1ccccc1Cn1nnc2c1C(=O)c1ccccc1C2=O,6.092105164583717,6.251037138743839
Cc1coc2c1C(=O)C(=O)c1c-2ccc2c1C(=O)C(O)=CC2(C)C,5.540607512240769,5.995678626217358
Cc1coc2c1C(=O)C(=O)c1c-2ccc2c1C(=O)C(O)CC2(C)C,6.309803919971486,5.8297382846050425
Cc1coc2c1C(=O)C(=O)c1c-2ccc2c1C(Br)CCC2(C)C,5.823908740944319,5.6201283162011375
Cc1coc2c1C(=O)C(=O)c1c-2ccc2c1C=CC(=O)C2(C)C,5.519446140280502,6.017728766960431
Cc1coc2c1C(=O)C(=O)c1c-2ccc2c1CCC(=O)C2(C)C,6.443697499232712,6.026872146400302
Cc1coc2c1C(=O)C(=O)c1c-2ccc2c1CC[C@H](O)C2(C)C,5.29073003902417,5.568636235841013
Cc1coc2c1C(=O)C(=O)c1c-2ccc2c1CC[C@H](OS(C)(=O)=O)C2(C)C,5.691972402511707,5.91721462968355
Cc1cscc1-c1sc2cncn2c1C(O)C1CCCCC1,6.270025714300444,6.376750709602099
Cc1n[nH]c2c1C(c1ccc(F)c(Cl)c1)c1c(C)n[nH]c1O2,7.0915149811213505,5.522878745280337
Cc1n[nH]c2c1C(c1ccc(F)c(Cl)c1)c1c(N)n[nH]c1O2,6.856985199745905,5.522878745280337
Cc1n[nH]c2c1C(c1ccc(F)c(Cl)c1)c1c([nH]c(=O)[nH]c1=O)O2,6.889410289700751,5.522878745280337
Cc1n[nH]c2c1C(c1ccc(F)c(F)c1)c1c(C)n[nH]c1O2,6.790484985457369,5.522878745280337
Cc1n[nH]c2c1C(c1ccc(F)c(F)c1)c1c(N)n[nH]c1O2,7.107905397309519,5.522878745280337
Cc1n[nH]c2c1C(c1ccc(F)c(F)c1)c1c([nH]c(=O)[nH]c1=O)O2,6.527243550682788,5.522878745280337
Cc1n[nH]c2c1C(c1ccc(F)cc1)c1c(C)n[nH]c1O2,6.910094888560602,5.522878745280337
Cc1ncc(C)c2c(Nc3ccc(F)c(Cl)c3)c(N)oc12,6.698970004336019,6.301029995663981
Cc1sc2cncn2c1C(O)C1(C)CCCC1,7.522878745280337,7.701146923590294
Cc1sc2cncn2c1C(O)C1(C)CCCCC1,7.489454989793388,7.421360790031928
Cc1sc2cncn2c1C(O)C1CC(C)(C)C1,7.866461091629782,6.721246399047171
Cc1sc2cncn2c1C(O)C1CCC(C)(C)C1,7.090443970758825,6.3851027839668655
Cc1sc2cncn2c1C(O)C1CCCC1,6.826813731587726,6.686132779630847
Cc1sc2cncn2c1C(O)C1CCN(c2ccccc2)CC1,6.270025714300444,5.402304814074488
Cc1sc2cncn2c1C(O)CC1CCC(C)(C)CC1,6.701146923590294,5.709965388637482
Cc1sc2cncn2c1C(O)CC1CCC(c2ccccc2)C1,6.777283528852417,5.723538195826756
Cc1sc2cncn2c1C(O)CC1CCCC1,6.721246399047171,6.24184537803261
Cc1sc2cncn2c1C(O)[C@@H]1C[C@@H]1c1ccccc1,6.910094888560602,5.567030709125595
Cc1sc2cncn2c1C(O)c1ccccc1,6.251037138743839,6.0
Cc1sc2cncn2c1C(O)c1cccs1,6.363512103646634,6.081445469449727
Cc1sc2cncn2c1[C@@H](O)C1(C)CCCC1,7.621602099051862,7.801342913045577
Cc1sc2cncn2c1[C@@H](O)C1CCCCC1,6.872895201635193,6.844663962534939
Cc1sc2cncn2c1[C@@H](O)CC1CCCCC1,7.782516055786093,6.425968732272281
Cc1sc2cncn2c1[C@H](O)C1CCCCC1,7.428291168191312,7.218963061378868
Cl/N=C1/C=CC=C/C1=N/Cl,5.037630664329979,5.074172425375258
Cl[C@@H]1CCCC[C@@H]1CNc1cc(Br)cc2[nH]ncc12,4.255707016877324,4.173925197299174
Cl[C@H]1CCCC[C@H]1CNc1cc(Br)cc2[nH]ncc12,6.5376020021010435,6.657577319177793
Clc1ccc(-c2nccc3c2[nH]c2ccccc23)cc1,5.120330794367947,5.081445469449727
Cn1cc(-c2ccc(N3CCC(C4c5c(F)cccc5-c5cncn54)CC3)c(F)c2)cn1,7.67778070526608,6.756112751309667
Cn1cc(-c2ccc(N3CCC(C4c5c(F)cccc5-c5cncn54)CC3)cc2)cn1,7.585026652029182,6.87942606879415
Cn1cc(-c2ccc(N3CCC(C4c5c(F)cccc5-c5cncn54)CC3)cc2F)cn1,8.096910013008056,7.18842706268103
Cn1cc(-c2ccc(N3CCC([C@H]4c5c(F)cccc5-c5cncn54)CC3)cc2)cn1,7.566207336726482,7.421090357791352
Cn1cc(-c2ccc(NC(N)=O)cc2)c2ccc(F)cc21,7.309803919971486,7.107905397309519
Cn1cc(-c2cccc(N3CCC(C4c5c(F)cccc5-c5cncn54)CC3)c2)cn1,7.102372908709558,6.1944991418416
Cn1cc(-c2cnc(N3CCC(C4c5c(F)cccc5-c5cncn54)CC3)nc2)cn1,6.7181882731549845,6.2373214362725635
Cn1ccc2ccc(N3CCC(C4c5c(F)cccc5-c5cncn54)CC3)cc21,7.130570098963901,6.424812155072339
Cn1ncc2c(NC[C@@H]3CCCC[C@H]3O)cc(Br)cc21,4.420102130396896,4.478338984887927
FC(F)(F)c1cc(NC[C@@H]2CCCCN2)c2cn[nH]c2c1,4.727462222624762,5.094204119632131
FC(F)(F)c1cc(NC[C@H]2CCCCN2)c2cn[nH]c2c1,4.619607839942972,6.337242168318426
FC(F)(F)c1cc(NC[C@H]2CCCN2)c2cn[nH]c2c1,5.018634490921456,5.215382707367125
Fc1ccc(N2CCC(C3c4c(F)cccc4-c4cncn43)CC2)cc1F,8.175223537524454,7.161780778092374
Fc1ccc2c(/C=C/c3cccnc3)c[nH]c2c1,7.292429823902063,6.440083487556502
Fc1cccc(N2CCC(C3c4c(F)cccc4-c4cncn43)CC2)c1,7.142667503568732,6.430626090384954
Fc1cccc2c1C(C1CCCC1)n1cncc1-2,6.0119176675241235,7.022276394711152
Fc1cccc2c1C(C1CCCCC1)n1cncc1-2,6.606113954401016,7.070581074285707
Fc1cccc2c1C(C1CCN(c3ccc(-c4cccnc4)cc3)CC1)n1cncc1-2,6.887345359137068,6.73754891026957
Fc1cccc2c1C(C1CCN(c3ccc(-c4ccncc4)cc3)CC1)n1cncc1-2,7.017164014389946,6.452225294612178
Fc1cccc2c1C(C1CCN(c3ccc(-c4cnn(C5CCOC5)c4)cc3)CC1)n1cncc1-2,7.779891911959945,6.694648630553377
Fc1cccc2c1C(C1CCN(c3ccc(-c4cnn([C@@H]5CCOC5)c4)cc3)CC1)n1cncc1-2,7.481486060122112,6.528708288941061
Fc1cccc2c1C(C1CCN(c3ccc(Cl)cn3)CC1)n1cncc1-2,8.14086170270547,6.709965388637482
Fc1cccc2c1C(C1CCN(c3ccc(N4CCOCC4)cc3)CC1)n1cncc1-2,6.106306606507495,5.987584625237567
Fc1cccc2c1C(C1CCN(c3ccccc3)CC1)n1cncc1-2,7.058488567365597,6.471083299722345
Fc1cccc2c1C(C1CCN(c3nc4ccccc4s3)CC1)n1cncc1-2,7.038896861280492,6.709965388637482
Fc1cccc2c1C(C1CCN(c3ncc(-c4cnn(C5CCOCC5)c4)cn3)CC1)n1cncc1-2,7.468521082957745,6.442492798094342
Fc1cccc2c1C(C1CCN(c3ncc(Br)s3)CC1)n1cncc1-2,7.31695296176115,6.399027104313252
Fc1cccc2c1C(C1CCN(c3nccs3)CC1)n1cncc1-2,6.38530372121847,6.23210238398191
Fc1cccc2c1C(C1CCOCC1)n1cncc1-2,5.642904886740872,6.723538195826756
Fc1cccc2c1C(Cc1ccccc1)n1cncc1-2,5.563201489768197,6.100726812682396
Fc1cccc2c1C(c1ccccc1)n1cncc1-2,5.562090964460501,6.42712839779952
N#CC1=C(N)Nc2[nH]c(=O)[nH]c(=O)c2C1c1cccc(Cl)c1,6.657577319177793,5.522878745280337
N#Cc1c(-c2cccc(Cl)c2)c2c(=O)[nH]c(=O)[nH]c2[nH]c1=O,7.008773924307505,5.522878745280337
N#Cc1ccc(-n2nnc3c2C(=O)c2ccccc2C3=O)cc1,7.585026652029182,7.180456064458132
N#Cc1ccc(N2CCC(C3c4c(F)cccc4-c4cncn43)CC2)cc1,7.090443970758825,6.404503778174426
N#Cc1ccc(N2CCC(C3c4c(F)cccc4-c4cncn43)CC2)cc1F,8.053547734986926,6.6307841425898575
N#Cc1ccc(NC(=O)C(=O)N2CCC(c3ccnc4ccc(F)cc34)CC2)cc1,7.443697499232712,5.259637310505756
N#Cc1ccc2nccc(C3CCN(C(=O)C(=O)Nc4ccc(Cl)cc4)CC3)c2c1,6.928117992693875,5.214670164989233
NC(=O)Nc1ccc(-c2c[nH]c3cc(F)ccc23)cc1,7.208854658640503,7.208854658640503
NC(=S)NNC(=O)c1c2c(n3ccccc13)C(=O)c1ncccc1C2=O,7.638272163982407,5.920818753952375
NOC(CCc1cccc(Cl)c1)c1ccccc1,5.163121031725211,4.231361898752385
NOC(CCc1ccccc1)c1ccccc1F,4.814281341297949,4.303643611266668
NOC(c1ccc(Cl)cc1)c1ccc(Cl)cc1,5.742726123669857,5.521435901161594
NOC(c1ccc(F)cc1)c1ccc(F)cc1,5.410224104417406,5.166975130759742
NOC(c1ccccc1)c1cc(C(F)(F)F)cc(C(F)(F)F)c1,5.474955192963154,4.111259039317107
NOC(c1ccccc1)c1cc(C(F)(F)F)ccc1F,5.529741757533716,5.044793462458058
NOC(c1ccccc1)c1cc(Cl)cc(Cl)c1,5.8797253758587,5.2441251443275085
NOC(c1ccccc1)c1cc(F)cc(F)c1,5.922635896279922,5.458420756053419
NOC(c1ccccc1)c1ccc(Cl)c(Cl)c1,5.708968318544146,5.24445957723044
NOC(c1ccccc1)c1ccc(Cl)cc1,5.22336197693145,4.963140824826938
NOC(c1ccccc1)c1ccc(Cl)cc1Cl,5.549543466131166,5.269400855688753
NOC(c1ccccc1)c1ccc(F)cc1F,5.536058294834646,5.195860567664649
NOC(c1ccccc1)c1ccc(O)cc1,5.539102157243452,4.525783735923745
NOC(c1ccccc1)c1cccc(Br)c1,6.114573994178928,5.145693958198919
NOC(c1ccccc1)c1cccc(C(F)(F)F)c1,5.761953896871205,4.8936399227910785
NOC(c1ccccc1)c1cccc(C(F)(F)F)c1F,5.625983552934928,5.250263684430939
NOC(c1ccccc1)c1cccc(Cl)c1Cl,5.412534203235779,5.1943508188517855
NOC(c1ccccc1)c1cccc(F)c1,5.664182201698935,5.214378574719888
NOC(c1ccccc1)c1ccccc1Br,5.302599111418644,4.647817481888637
NOC(c1ccccc1)c1ccccc1Cl,4.959932700965966,4.661543506395395
NOC(c1ccccc1)c1ccccc1F,5.410224104417406,5.406713932979542
NOC(c1ccccc1)c1ccsc1,5.473660722610156,5.355561410532162
NS(=O)(=O)N1CCC(C(=O)/C(=N/O)Nc2ccc(F)c(Br)c2)CC1,7.273723468385537,4.204418880091986
NS(=O)(=O)NCCNc1nonc1/C(=N/O)Nc1ccc(F)c(Br)c1,7.488168040901103,4.982966660701219
NS(=O)(=O)NC[C@H]1CC[C@H](C(=O)/C(=N/O)Nc2ccc(F)c(Br)c2)CC1,7.190557757502274,4.231080845074899
NS(=O)(=O)c1ccc(-n2nnc3c2C(=O)c2ccccc2C3=O)cc1,7.522878745280337,7.318758762624412
NS(=O)(=O)c1ccc(/N=N/c2ccc(O)[nH]c2=O)cc1,4.742561433140186,4.80465394165158
N[C@@H](CC1C(=O)Nc2ccccc21)C(=O)O,5.4698003017969175,4.220259248823259
N[C@@H]1CCCC[C@H]1CNc1cc(Br)cc2[nH]ncc12,6.154901959985743,6.443697499232712
N[C@H]1CCCC[C@H]1CNc1cc(Br)cc2[nH]ncc12,5.847711655616943,6.040958607678906
Nc1cc(Br)cc2[nH]ncc12,5.071092309756048,5.856985199745905
Nc1cccc2c([As](=O)(O)O)cccc12,4.339798798619318,4.421704694879174
Nc1n[nH]c2c1C(c1ccc(F)c(Cl)c1)c1c(N)n[nH]c1O2,6.97061622231479,5.522878745280337
Nc1n[nH]c2c1C(c1ccc(F)c(F)c1)c1c(N)n[nH]c1O2,7.107905397309519,5.522878745280337
Nc1nonc1/C(=N/O)Nc1ccc(F)c(Cl)c1,7.221848749616356,5.0305400938776135
Nc1oc2c[n+]([O-])ccc2c1Nc1ccc(F)c(Cl)c1,6.698970004336019,6.301029995663981
Nc1oc2cnc(F)cc2c1Nc1ccccc1Cl,6.4604093769761874,6.301029995663981
Nc1oc2cnccc2c1Nc1cc(Cl)c(F)c(Cl)c1,6.698970004336019,6.301029995663981
Nc1oc2cnccc2c1Nc1ccc(Br)cc1,6.698970004336019,6.301029995663981
Nc1oc2cnccc2c1Nc1ccc(Cl)c(Cl)c1,6.698970004336019,6.301029995663981
Nc1oc2cnccc2c1Nc1ccc(F)c(Cl)c1F,6.4604093769761874,6.301029995663981
Nc1oc2cnccc2c1Nc1ccc(F)c(F)c1,6.4604093769761874,6.301029995663981
Nc1oc2cnccc2c1Nc1ccc(F)cc1,6.4604093769761874,6.301029995663981
Nc1oc2cnccc2c1Nc1ccc2c(c1)OCO2,6.4604093769761874,6.301029995663981
Nc1oc2cnccc2c1Nc1cccc(Cl)c1,6.4604093769761874,6.301029995663981
Nc1oc2cnccc2c1Nc1cccc(F)c1,6.4604093769761874,6.301029995663981
Nc1sc2c(Br)cccc2c1Nc1ccc(F)c(Cl)c1,6.698970004336019,6.301029995663981
Nc1sc2ccc(Cl)cc2c1Nc1ccc(F)cc1,6.698970004336019,6.301029995663981
Nc1sc2ccc(Cl)cc2c1Nc1cccc(C(F)(F)F)c1,6.4604093769761874,6.301029995663981
O/N=C(\CNc1cc(Br)cc2[nH]ncc12)c1ccc(O)cc1,4.24275584897803,4.890759031411797
O/N=C(\Nc1ccc(F)c(Cl)c1)c1cnc(Cl)s1,7.165579296318468,5.638649975647733
O/N=C(\Nc1cccc(Br)c1)c1ccc(Cl)nc1,6.764976840504777,5.90274269030658
O/N=C(\Nc1cccc(Br)c1)c1ccc(Cl)s1,7.525783735923745,5.636200054520891
O=C(/C(=N/O)Nc1ccc(F)c(Br)c1)C1CCCCC1,7.040042759670284,4.100464015347826
O=C(/C(=N/O)Nc1ccc(F)c(Br)c1)C1CCN(C(=O)NCc2ccccc2)CC1,7.459686756539098,4.046868774816555
O=C(/C(=N/O)Nc1ccc(F)c(Br)c1)C1CCN(C(=O)Nc2ccccc2)CC1,7.332773124424534,4.236796699629228
O=C(/C(=N/O)Nc1ccc(F)c(Br)c1)C1CCN(S(=O)(=O)Nc2ccccc2)CC1,6.916341332625912,4.182295837032809
O=C(/C(=N/O)Nc1ccc(F)c(Br)c1)c1ccccc1,6.116243967920054,4.09699145085845
O=C(/C(=N/O)Nc1ccc(F)c(Br)c1)c1cccs1,6.74862261710982,4.200032588919265
O=C(/C(=N/O)Nc1ccc(F)c(Br)c1)c1cncs1,6.521983053175516,4.927823655521034
O=C(CC1c2ccccc2-c2cnnn21)C1CCCCC1,5.129818655252878,5.129818655252878
O=C(CN1CCC2(CC1)COc1cc(C(F)(F)F)ccc12)Nc1ccc(Cl)cc1,6.585026652029182,4.590066876668706
O=C(CN1CCC2(CCc3ccccc32)CC1)Nc1ccc(Cl)cc1,6.173925197299173,4.368556230986828
O=C(Cc1ccc(O)cc1)Nc1nnc(CCCNc2nonc2/C(=N\O)Nc2ccc(F)c(Br)c2)s1,7.301029995663981,4.2659205927194055
O=C(NCCC1C(=O)Nc2ccccc21)OCc1ccccc1,5.636388020107856,4.234108023569984
O=C(NC[C@H]1CC[C@H](C(=O)/C(=N/O)Nc2ccc(F)c(Br)c2)CC1)c1ccccc1,6.893639922791079,4.091729500504276
O=C(NCc1csc(/C(=N/O)Nc2cccc(Br)c2)c1)Nc1ccc(F)cc1,7.434152181326482,5.620694482249418
O=C(N[C@@H](CC1C(=O)Nc2ccccc21)C(=O)O)OCc1ccccc1,5.892790030352131,4.565431095965801
O=C(Nc1ccc(C(F)(F)F)cc1)C(=O)N1CCC(c2ccnc3ccc(F)cc23)CC1,7.045757490560675,5.022276394711152
O=C(Nc1ccc(C(F)F)cc1)C(=O)N1CCC(c2ccnc3ccc(F)cc23)CC1,7.67778070526608,5.236572006437063
O=C(Nc1ccc(Cl)cc1)C(=O)N1CCC(c2ccnc3ccc(Cl)cc23)CC1,7.721246399047171,5.6020599913279625
O=C(Nc1ccc(Cl)cc1)C(=O)N1CCC(c2ccnc3ccc(F)cc23)C(F)(F)C1,8.045757490560675,5.200659450546418
O=C(Nc1ccc(Cl)cc1)C(=O)N1CCC(c2ccnc3ccc(F)cc23)CC1,6.809894379144197,5.161150909262744
O=C(Nc1ccc(Cl)cc1)C(=O)N1CCC2(CC1)COc1cc(C(F)(F)F)ccc12,7.494850021680094,4.6777807052660805
O=C(Nc1ccc(Cl)cc1)C(=O)N1CCC2(CC1)COc1cc(C(F)F)ccc12,7.522878745280337,4.522878745280337
O=C(Nc1ccc(Cl)cc1)C(=O)N1CCCC2(CC1)COc1cc(C(F)(F)F)ccc12,6.154901959985743,4.431798275933005
O=C(Nc1ccc(Cl)cc1)C(=O)N1CC[C@@H](c2ccnc3ccc(F)cc23)[C@@H](O)C1,5.522878745280337,4.431798275933005
O=C(Nc1ccc(Cl)cc1)C(=O)N1CC[C@@H](c2ccnc3ccc(F)cc23)[C@H](O)C1,7.301029995663981,4.815308569182401
O=C(Nc1ccc(Cl)cc1)C(=O)N1CC[C@H](c2ccnc3ccc(F)cc23)[C@@H](O)C1,7.348078112555672,4.853871964321762
O=C(Nc1ccc(Cl)cc1)C(=O)N1CC[C@H](c2ccnc3ccc(F)cc23)[C@H](O)C1,6.958607314841775,4.764471553092451
O=C(Nc1ccc(Cl)cc1)C(CC1CC1)N1CCC2(CC1)COc1cc(C(F)(F)F)ccc12,7.439713034397075,4.798602875679548
O=C(Nc1ccc(Cl)cc1)C(CCO)N1CCC2(CC1)COc1cc(C(F)(F)F)ccc12,7.0655015487564325,5.022276394711152
O=C(Nc1ccc(Cl)cc1F)C(=O)N1CCC(c2ccnc3ccc(F)cc23)CC1,8.154901959985743,5.173925197299174
O=C(Nc1ccc(Cl)cc1F)C(=O)N1CCC=C(c2ccnc3ccc(F)cc23)CC1,8.301029995663981,4.795880017344075
O=C(Nc1ccc(Cl)cc1F)C(=O)N1CCCC(c2ccnc3ccc(F)cc23)CC1,8.096910013008056,5.229147988357856
O=C(Nc1ccc(Cl)cn1)C(=O)N1CCC(c2ccnc(C(F)(F)F)c2Cl)CC1,6.521433504406157,4.657577319177793
O=C(Nc1ccc(Cl)cn1)C(=O)N1CCC(c2ccnc3ccc(F)cc23)CC1,7.154901959985743,5.229147988357856
O=C(Nc1ccc(Cl)cn1)C(=O)N1CCC2(CC1)COc1cc(C(F)(F)F)ccc12,7.136677139879544,5.1938200260161125
O=C(Nc1cccn2cncc12)c1ccccc1,4.0,4.0
O=C(O)/C=C/c1ccc2nc3n(c(=O)c2c1)-c1ccc(F)cc1C3=O,7.0713337517843655,7.522878745280337
O=C(O)N1CCN(c2cc(C(F)(F)F)cc3cncn23)CC1,4.1791420105603,4.7594507517174005
O=C(O)c1cc(NC[C@@H]2CCCC[C@H]2O)c2cn[nH]c2c1,4.519705539996993,4.568314655313988
O=C(O)c1cc2c(Nc3cc(Br)ccc3F)ccc(F)c2[nH]1,4.55129368009492,4.382999658879101
O=C(O)c1cc2c(Nc3ccc(F)c(Br)c3)ccc(F)c2[nH]1,5.0030507515046185,4.978810700930062
O=C(O)c1cc2c(Nc3ccc(F)c(Cl)c3)ccc(F)c2[nH]1,4.39040559077478,4.0034883278458215
O=C(O)c1cc2c(Nc3ccc(F)c(OC(F)(F)F)c3)ccc(F)c2[nH]1,4.787812395596042,4.782516055786093
O=C(O)c1cc2c(Nc3ccc(F)c4[nH]c(C(=O)O)cc34)ccc(F)c2[nH]1,5.565431095965801,5.458420756053419
O=C(O)c1ccc(Cn2nnc3c2C(=O)c2ccccc2C3=O)cc1,5.633950790199765,6.505845405981558
O=C(O)c1cccc(-n2nnc3c2C(=O)c2ccccc2C3=O)c1,6.943095148663527,7.1487416512809245
O=C(O)c1cccc(Cn2nnc3c2C(=O)c2ccccc2C3=O)c1,5.905878404159439,6.777283528852417
O=C([O-])c1cccc(NC(=O)c2c3c(n4ccccc24)C(=O)c2ncccc2C3=O)c1,6.8297382846050425,4.380906669373258
O=C(c1ccccc1)C(c1ccccc1)C1(O)C(=O)Nc2c(Cl)cc(Cl)cc21,6.0,5.3979400086720375
O=C(c1ccccc1)N1CCC(C2c3c(F)cccc3-c3cncn32)CC1,5.448184177648985,5.894489815230026
O=C1CC2(CCN(c3cc(C(F)(F)F)cc4cncn34)CC2)C(=O)N1,6.530177984021837,5.770062314092066
O=C1NC(=O)C2(CCN(c3cc(Br)cc4cncn34)CC2)N1,7.189767482004916,6.289882634888183
O=C1NC(=O)C2(CCN(c3cc(C(F)(F)F)cc4cncn34)CC2)N1,7.530177984021837,5.599980364934842
O=C1NC(=O)C2(CCN(c3cc(C(F)(F)F)cn4cncc34)CC2)N1,5.99012436628784,5.840132152907433
O=C1NC(=O)C2(CCN(c3cc(Cl)cc4cncn34)CC2)N1,6.549750891680639,5.849857838151442
O=C1NC2(CCN(c3cc(C(F)(F)F)cc4cncn34)CC2)C(=O)N1CC1CCOCC1,5.92009553233328,5.400007822415902
O=C1NC2(CCN(c3cc(C(F)(F)F)cc4cncn34)CC2)C(=O)N1c1ccccc1,6.580044251510242,5.779891911959945
O=C1Nc2ccccc2/C1=N/Nc1ccc(Cl)cc1,6.200659450546418,4.2726214305485115
O=C1Nc2ccccc2/C1=N/Nc1cccc(Cl)c1,5.82102305270683,4.329661358872558
O=C1Nc2ccccc2/C1=N/Nc1ccccc1C(F)(F)F,5.801342913045577,4.416687848016922
O=C1Nc2ccccc2/C1=N/c1ccccc1Br,5.906578314837765,4.334982174587528
O=C1c2c(Cl)cccc2-n2c1nc1ccccc1c2=O,5.086716098239582,5.8576842609311
O=C1c2cc(Br)ccc2-n2c1nc1ccccc1c2=O,6.410050398674292,6.8580781211020785
O=C1c2cc(F)ccc2-n2c1nc1ccc(B(O)O)cc1c2=O,6.192709566501257,5.91721462968355
O=C1c2cc(F)ccc2-n2c1nc1ccc(CN3CCC(C(=O)O)CC3)cc1c2=O,5.91369853439507,6.346787486224656
O=C1c2cc(F)ccc2-n2c1nc1ccc(CN3CCCC(C(=O)O)C3)cc1c2=O,5.989653660658986,6.376750709602099
O=C1c2cc(F)ccc2-n2c1nc1ccc(CN3CCCC3C(=O)O)cc1c2=O,5.842224732789047,6.7447274948966935
O=C1c2cc(F)ccc2-n2c1nc1ccc(CN3CCNCC3)cc1c2=O,6.167491087293763,6.920818753952375
O=C1c2cc(F)ccc2-n2c1nc1ccc(CN3CCOCC3)cc1c2=O,6.3979400086720375,6.468521082957745
O=C1c2cc(F)ccc2-n2c1nc1ccc(Cn3ccnn3)cc1c2=O,6.602407705158788,5.94692155651658
O=C1c2cc(F)ccc2-n2c1nc1ccc(F)cc1c2=O,5.565431095965801,6.603804155250874
O=C1c2cc(F)ccc2-n2c1nc1ccc(N3CCCCC3)cc1c2=O,5.649751981665837,5.431798275933005
O=C1c2cc(F)ccc2-n2c1nc1ccc(N3CCNCC3)cc1c2=O,5.924453038607469,6.173925197299173
O=C1c2cc(F)ccc2-n2c1nc1ccccc1c2=O,6.272458742971444,6.820575904951959
O=C1c2cc(F)ccc2C(=O)c2c1nnn2-c1ccc(F)c(Cl)c1,7.654901959985743,7.813543998514946
O=C1c2cc(O)ccc2C(=O)c2c1nnn2-c1ccc(F)c(Cl)c1,6.841637507904751,6.767003889607846
O=C1c2cc([N+](=O)[O-])ccc2-n2c1nc1ccccc1c2=O,6.987162775294828,7.105174395603296
O=C1c2ccc(Cl)cc2-n2c1nc1ccccc1c2=O,4.306536872780469,6.019088062223156
O=C1c2ccc(F)cc2C(=O)c2c1nnn2-c1ccc(F)c(Cl)c1,8.0,8.0
O=C1c2ccc(O)cc2C(=O)c2c1nnn2-c1ccc(F)c(Cl)c1,6.449771646944906,6.4156687756324695
O=C1c2ccccc2-n2c1nc1ccccc1c2=O,5.288746117065962,6.235823867609669
O=C1c2ccccc2C(=O)c2[nH]c(-c3cscn3)nc21,6.9222688203476075,7.13608262304214
O=C1c2ccccc2C(=O)c2c1nnn2-c1cc(Cl)c(F)c(Cl)c1,7.481486060122112,7.468521082957745
O=C1c2ccccc2C(=O)c2c1nnn2-c1ccc(-c2nnn[nH]2)cc1,7.221848749616356,7.602059991327963
O=C1c2ccccc2C(=O)c2c1nnn2-c1ccc(C(F)(F)F)c(Cl)c1,7.522878745280337,7.602059991327963
O=C1c2ccccc2C(=O)c2c1nnn2-c1ccc(Cl)c(Cl)c1,7.638272163982407,7.744727494896693
O=C1c2ccccc2C(=O)c2c1nnn2-c1ccc(Cl)c(F)c1,7.698970004336019,7.744727494896693
O=C1c2ccccc2C(=O)c2c1nnn2-c1ccc(Cl)c([N+](=O)[O-])c1,7.823908740944319,7.823908740944319
O=C1c2ccccc2C(=O)c2c1nnn2-c1ccc(Cl)cc1,7.638272163982407,7.823908740944319
O=C1c2ccccc2C(=O)c2c1nnn2-c1ccc(Cl)nc1,7.568636235841013,7.602059991327963
O=C1c2ccccc2C(=O)c2c1nnn2-c1ccc(F)c(Cl)c1,7.886056647693163,7.853871964321762
O=C1c2ccccc2C(=O)c2c1nnn2-c1ccc(F)cc1,7.236572006437063,7.309803919971486
O=C1c2ccccc2C(=O)c2c1nnn2-c1ccc([N+](=O)[O-])cc1,7.481486060122112,7.318758762624412
O=C1c2ccccc2C(=O)c2c1nnn2-c1ccc2[nH]cnc2c1,7.107905397309519,6.982966660701219
O=C1c2ccccc2C(=O)c2c1nnn2-c1ccc2[nH]ncc2c1,7.346787486224656,7.376750709602099
O=C1c2ccccc2C(=O)c2c1nnn2-c1ccc2ccncc2c1,7.397940008672037,7.468521082957745
O=C1c2ccccc2C(=O)c2c1nnn2-c1cccc(Cl)c1,7.397940008672037,7.443697499232712
O=C1c2ccccc2C(=O)c2c1nnn2-c1cccc(F)c1,7.2839966563652,6.995678626217358
O=C1c2ccccc2C(=O)c2c1nnn2-c1cccc([N+](=O)[O-])c1,7.5376020021010435,7.552841968657781
O=C1c2ccccc2C(=O)c2c1nnn2-c1ccccc1,7.0,7.154901959985743
O=C1c2ccccc2C(=O)c2c1nnn2-c1cccnc1,7.638272163982407,7.67778070526608
O=C1c2ccccc2C(=O)c2c1nnn2-c1cnc(Cl)c(Cl)c1,6.94692155651658,6.605548319173784
O=C1c2ccccc2C(=O)c2c1nnn2Cc1ccc(C(=O)N2CCOCC2)cc1,6.00788851221305,6.935542010773082
O=C1c2ccccc2C(=O)c2c1nnn2Cc1ccc(F)cc1,5.587203571283457,5.131943638176958
O=C1c2ccccc2C(=O)c2c1nnn2Cc1cccc(Br)c1,5.499900808084277,6.114638779968488
O=C1c2ccccc2C(=O)c2c1nnn2Cc1cccc(C(=O)N2CCOCC2)c1,6.028724151261895,7.318758762624412
O=C1c2ccccc2C(=O)c2c1nnn2Cc1cccc(Cl)c1,6.114639148124795,6.147825202816689
O=C1c2ccccc2C(=O)c2c1nnn2Cc1ccccc1,6.0540418029813905,6.066512712151295
O=C1c2ccccc2C(=O)c2sc(-c3ccncc3)nc21,7.581698708680254,5.795880017344075
O=C1c2ccccc2C2=C3C(O)=NN=C3CCN12,5.764471553092451,5.361510743045363
O=C1c2cccnc2C(=O)c2c1c(C(=O)Nc1ccccc1)c1ccccn21,6.442492798094342,5.136677139879544
O=C1c2cccnc2C(=O)c2sc(-c3ccncc3)nc21,6.538351431936545,5.920818753952375
O=C1c2cccnc2C(=O)c2sc(-c3cscn3)nc21,7.657577319177793,6.492819022739759
O=C1c2nc3ccc(CCN4CCOCC4)cc3c(=O)n2C2C=CC(F)=CC12,7.698970004336019,7.154901959985743
O=C1c2nc3ccccc3c(=O)n2C2C=CC([N+](=O)O)=CC12,7.744727494896693,7.214670164989233
O=C1c2ncccc2C(=O)c2sc(-c3ccncc3)nc21,6.682145510668531,6.164753460003689
O=C1c2ncccc2C(=O)c2sc(-c3cscn3)nc21,7.744727494896693,6.668572703479257
O=Cc1ccc2nc3n(c(=O)c2c1)-c1ccc(F)cc1C3=O,6.56656109283125,7.221848749616356
O=S(=O)(/N=C/c1c(O)ccc2ccccc12)c1cccs1,5.856985199745905,4.946537395074545
O=S(=O)(Cc1ccccc1)NC1C2CC3CC1CC([C@@H](O)CC1c4c(F)cccc4-c4cncn41)(C3)C2,6.522878745280337,5.259637310505756
O=[N+](O)c1c(Cl)cccc1CNc1cc(C(F)(F)F)cc2[nH]ncc12,4.221848749616356,6.769551078621726
O=[N+]([O-])c1cc(Cl)ccc1CNc1cc(C(F)(F)F)cc2[nH]ncc12,4.7447274948966935,5.769551078621726
O=[N+]([O-])c1cc(F)c2cccnc2c1O,4.835349784065703,4.519561852822183
O=[N+]([O-])c1cc([N+](=O)[O-])c2cccnc2c1O,4.953895212753961,4.644548479873483
O=[N+]([O-])c1ccc(CNc2cc(Br)cc3[nH]ncc23)cc1,5.15676722190199,5.651695136951839
O=[N+]([O-])c1ccc(Cl)cc1CNc1cc(C(F)(F)F)cc2[nH]ncc12,4.423198104171087,5.496209316942819
O=[N+]([O-])c1ccc(N/C(=N\O)c2ccc(Br)cc2)c2nonc12,6.931814138253839,4.301029995663981
O=[N+]([O-])c1ccc(N/C(=N\O)c2ccc(Cl)cc2)c2nonc12,6.94692155651658,4.3979400086720375
O=[N+]([O-])c1ccc(N/C(=N\O)c2ccc(F)c(Br)c2)c2nonc12,6.97469413473523,4.327902142064283
O=[N+]([O-])c1ccc(N/C(=N\O)c2ccc(F)cc2)c2nonc12,7.0,4.6777807052660805
O=[N+]([O-])c1ccc(N/C(=N\O)c2cccc(Br)c2)c2nonc12,6.978810700930062,4.698970004336019
O=[N+]([O-])c1ccc(N/C(=N\O)c2cccc(F)c2)c2nonc12,7.075720713938118,4.346787486224656
O=[N+]([O-])c1ccc(N/C(=N\O)c2ccccc2Br)c2nonc12,7.180456064458132,4.6020599913279625
O=[N+]([O-])c1ccc(N/C(Cc2ccc(Br)cc2)=N\O)c2nonc12,6.950781977329818,4.366531544420414
O=[N+]([O-])c1ccc(N/C(Cc2ccc(Cl)c(Cl)c2)=N\O)c2nonc12,7.275724130399211,4.494850021680094
O=[N+]([O-])c1ccc(N/C(Cc2ccc(Cl)cc2)=N\O)c2nonc12,6.958607314841775,4.292429823902063
O=[N+]([O-])c1ccc(N/C(Cc2ccc(F)c(F)c2)=N\O)c2nonc12,7.301029995663981,4.026872146400302
O=[N+]([O-])c1ccc(N/C(Cc2ccc(F)cc2)=N\O)c2nonc12,7.008773924307505,4.187086643357144
O=[N+]([O-])c1ccc(N/C(Cc2ccc(F)cc2F)=N\O)c2nonc12,6.795880017344075,4.721246399047171
O=[N+]([O-])c1ccc(N/C(Cc2ccccc2F)=N\O)c2nonc12,6.991399828238082,4.522878745280337
O=[N+]([O-])c1ccc(O)cc1CNc1cc(Br)cc2[nH]ncc12,6.040958607678906,6.337242168318426
O=[N+]([O-])c1cccc(CNc2cc(Br)cc3[nH]ncc23)c1,5.0996328713435295,5.795880017344075
O=[N+]([O-])c1ccccc1CNc1cc(Br)cc2[nH]ncc12,5.094743951251549,4.409492537991417
O=[N+]([O-])c1ccccc1CNc1cc(C(F)(F)F)cc2[nH]ncc12,4.855425792390384,5.5934598195660445
OC(CC12CCC(CC1)C2)c1c(C2CC2)sc2cncn12,7.472370099128661,6.752026733638194
OC(CC1CC(F)(F)C1)c1c(C2CC2)sc2cncn12,6.94692155651658,6.327902142064283
OC(CC1CC2C=CC1C2)c1c(C2CC2)sc2cncn12,7.645891560852599,6.718966632752273
OC(CC1CC2CCC1O2)c1c(C2CC2)sc2cncn12,7.029653123769907,5.6307841425898575
OC(CC1CCC(C(F)(F)F)CC1)c1c(C2CC2)sc2cncn12,7.035269078946371,6.2839966563652006
OC(CC1CCC(C(F)F)CC1)c1c(C2CC2)sc2cncn12,7.614393726401688,6.330683119433888
OC(CC1CCC(C2CCC2)CC1)c1c(C2CC2)sc2cncn12,6.086186147616283,5.508638306165727
OC(CC1CCC(C2CCCC2)CC1)c1c(C2CC2)sc2cncn12,6.120904120499927,5.552841968657781
OC(CC1CCC(F)(F)CC1)c1c(C2CC2)sc2cncn12,7.54515513999149,6.580044251510242
OC(CC1CCC(c2ccccc2)C1)c1c(C2CC2)sc2cncn12,6.943095148663527,5.804100347590766
OC(CC1CCC(c2ccccc2)CC1)c1c(C2CC2)sc2cncn12,6.452225294612178,5.609064892896621
OC(CC1CCC1)c1c(C2CC2)sc2cncn12,7.347753658996677,6.15676722190199
OC(CC1CCC2CCCCC2C1)c1c(C2CC2)sc2cncn12,6.314258261397736,5.747146969020107
OC(CC1CCCC(C(F)(F)F)C1)c1c(C2CC2)sc2cncn12,7.057495893831919,6.087246696328677
OC(CC1CCCC1)c1c(C(F)(F)F)sc2cncn12,6.995678626217358,5.614393726401688
OC(CC1CCCC1)c1c(C2CC2)sc2cncn12,7.59176003468815,6.404503778174426
OC(CC1CCCC1c1ccccc1)c1c(C2CC2)sc2cncn12,6.856985199745905,5.423658649794207
OC(CC1CCCC2CCCCC21)c1c(C2CC2)sc2cncn12,6.277366077466188,5.671620396561262
OC(CC1CCCCC1)c1c(-c2ccccc2)sc2cncn12,6.528708288941061,6.304518323509803
OC(CC1CCCCC1)c1c(-c2ccsc2)sc2cncn12,6.504455662453552,6.413412695328245
OC(CC1CCCCC1)c1c(Br)sc2cncn12,7.254144804826271,5.85078088734462
OC(CC1CCCCC1)c1c(C(F)(F)F)sc2cncn12,7.161150909262744,5.497572880015567
OC(CC1CCCCC1)c1c(C2CC(F)(F)C2)sc2cncn12,6.314258261397736,5.718966632752273
OC(CC1CCCCC1)c1c(C2CC2)sc2cncn12,7.649751981665837,6.232844133917819
OC(CC1CCCCC1)c1c(C2CCCC2)sc2cncn12,6.4156687756324695,6.557520230935552
OC(CC1CCCCC1)c1c(Cl)sc2cncn12,6.798602875679548,5.91721462968355
OC(CC1CCCCC1c1ccccc1)c1c(C2CC2)sc2cncn12,5.982966660701219,5.024108863598207
OC(CC1CCCCCC1)c1c(C2CC2)sc2cncn12,7.614393726401688,6.327902142064283
OC(CC1c2ccccc2-c2cncn21)C1CCCCC1,7.159379381312206,6.823908740944319
OC(CC1c2ccccc2-c2cnnn21)C1CCC(F)(F)CC1,5.129818655252878,6.129818655252878
OC(CC1c2ccccc2-c2cnnn21)C1CCCCC1,5.0,5.129818655252878
OC(CNc1cc(Br)cc2[nH]ncc12)c1cccc(Cl)c1,4.8830603534492445,5.471083299722345
OC(Cc1c(Cl)cccc1Cl)c1c(C2CC2)sc2cncn12,6.542118103266008,6.341988603342887
OC(Cc1cccc2ccccc12)c1c(C2CC2)sc2cncn12,6.488116639021126,5.454692883534176
OC(Cc1ccccc1)c1c(C2CC2)sc2cncn12,6.603800652904264,6.055024091587952
OC(c1c(-c2cccc(F)c2)sc2cncn12)C1CCCCC1,6.015472686656207,6.053056729302175
OC(c1c(-c2ccccc2)sc2cncn12)C1CCCCC1,6.4179366370882915,6.609064892896621
OC(c1c(-c2ccccc2F)sc2cncn12)C1CCCCC1,6.355561410532162,6.621602099051862
OC(c1c(-c2cccnc2)sc2cncn12)C1CCCCC1,6.465973893943865,6.055517327849832
OC(c1c(-c2ccsc2)sc2cncn12)C1CCCCC1,6.841637507904751,6.7423214251308154
OC(c1c(Br)sc2cncn12)C1CCCCC1,7.552841968657781,6.661543506395395
OC(c1c(C(F)(F)F)sc2cncn12)C1CCCC1,7.353596273776931,6.228412519118745
OC(c1c(C(F)(F)F)sc2cncn12)C1CCCCC1,7.568636235841013,6.248720896016658
OC(c1c(C2(F)CC2)sc2cncn12)C1CCCCC1,6.939302159646388,5.7544873321858505
OC(c1c(C2CC(F)(F)C2)sc2cncn12)C1CCCCC1,5.97061622231479,5.749579997691106
OC(c1c(C2CC2)sc2cncn12)C12CC(c3ccccc3)(C1)C2,7.543633966870957,5.896196279044043
OC(c1c(C2CC2)sc2cncn12)C12CCC(c3ccccc3)(C1)C2,7.213248577854439,6.050122295963125
OC(c1c(C2CC2)sc2cncn12)C1CC2CCCC2C1,8.1505805862031,6.586700235918748
OC(c1c(C2CC2)sc2cncn12)C1CCC(C(F)(F)F)CC1,7.363512103646634,6.112382699664264
OC(c1c(C2CC2)sc2cncn12)C1CCC(C2CCC2)CC1,7.154281982033341,5.749579997691106
OC(c1c(C2CC2)sc2cncn12)C1CCC(Cc2ccccc2)C1,7.0400051616715835,5.4089353929735005
OC(c1c(C2CC2)sc2cncn12)C1CCC(c2ccccc2)CC1,7.359518563029578,5.507239610973162
OC(c1c(C2CC2)sc2cncn12)C1CCC1,7.600326278518962,6.042392712939905
OC(c1c(C2CC2)sc2cncn12)C1CCC2(CCCC2)CC1,7.142064735280571,6.127261172527331
OC(c1c(C2CC2)sc2cncn12)C1CCC2CCCCC2C1,6.876148359032914,5.966576244513051
OC(c1c(C2CC2)sc2cncn12)C1CCCC(C(F)(F)F)C1,7.120904120499927,5.966576244513051
OC(c1c(C2CC2)sc2cncn12)C1CCCC1,7.943095148663527,6.325138859262188
OC(c1c(C2CC2)sc2cncn12)C1CCCC1Cc1ccccc1,6.540607512240769,5.785156151952302
OC(c1c(C2CC2)sc2cncn12)C1CCCC1c1ccccc1,6.528708288941061,5.2839966563652006
OC(c1c(C2CC2)sc2cncn12)C1CCCCC1,7.82102305270683,6.540607512240769
OC(c1c(C2CC2)sc2cncn12)C1CCCCCC1,7.847711655616943,6.4179366370882915
OC(c1c(C2CC2)sc2cncn12)C1CCc2ccccc2C1,7.465973893943865,5.7423214251308154
OC(c1c(C2CCC2)sc2cncn12)C1CCCCC1,7.025949097207123,6.489454989793388
OC(c1c(C2CCCC2)sc2cncn12)C1CCCCC1,6.6252516539898965,6.714442690992226
OC(c1c(Cc2ccccc2)sc2cncn12)C1CCCCC1,5.148130399270234,5.369572124974976
OC(c1c(Cl)sc2cncn12)C1CC1,5.982966660701219,5.575118363368933
OC(c1c(Cl)sc2cncn12)C1CCCC1,6.774690718274137,6.642065152999546
OC(c1c(Cl)sc2cncn12)C1CCCCC1,6.958607314841775,6.764471553092451
OC(c1c(Cl)sc2cncn12)C1CCCCCC1,6.769551078621726,6.521433504406157
OC(c1c([C@@H]2C[C@@H]2F)sc2cncn12)C1CCCCC1,7.661543506395395,6.308918507877031
OC(c1c([C@@H]2C[C@H]2F)sc2cncn12)C1CCCCC1,7.732828271596986,5.645891560852599
OC(c1ccc(C(F)(F)F)cc1)c1c(C2CC2)sc2cncn12,6.515700160653214,5.568636235841013
OC(c1ccc(Cl)cc1)c1c(C2CC2)sc2cncn12,7.1944991418416,5.962573502059376
OC(c1ccc(F)cc1)c1c(C2CC2)sc2cncn12,7.484126156288321,6.323306390375134
OC(c1cccc(C(F)(F)F)c1)c1c(C2CC2)sc2cncn12,6.231361898752385,6.116338564846382
OC(c1cccc(Cl)c1)c1c(C2CC2)sc2cncn12,7.186419011431808,5.739928612014925
OC(c1cccc(F)c1)c1c(C2CC2)sc2cncn12,7.480172006224281,6.347753658996677
OC(c1ccccc1)c1c(C2CC2)sc2cncn12,7.296708621881338,6.004803708402821
OC(c1ccccc1Cl)c1c(C2CC2)sc2cncn12,5.950781977329818,5.519993057042849
OC(c1ccccc1F)c1c(C2CC2)sc2cncn12,7.246416941107094,5.889410289700751
OC(c1cccs1)c1c(Br)sc2cncn12,7.1979107421182675,6.191789027075778
OC(c1cccs1)c1c(C2CC2)sc2cncn12,7.044312249686494,5.801342913045577
OC(c1cccs1)c1c(Cl)sc2cncn12,6.47755576649368,6.161150909262744
OC(c1ccsc1)c1c(C2CC2)sc2cncn12,7.111820506081675,5.752026733638194
OC1C2CC3CC1CC([C@@H](O)CC1c4c(F)cccc4-c4cncn41)(C3)C2,5.891258027893047,6.522878745280337
OC1C2CC3CC1CC([C@H](O)CC1c4c(F)cccc4-c4cncn41)(C3)C2,5.259637310505756,6.522878745280337
OC1CCC(C(O)c2c(C3CC3)sc3cncn23)CC1,6.991399828238082,5.578396073130169
OC1CCC(CC(O)c2c(C3CC3)sc3cncn23)CC1,7.735182176990463,5.94692155651658
OC1CCCCC1CNc1cc(Br)cc2[nH]ncc12,5.3851027839668655,6.920818753952375
OCC(Nc1cc(Br)cc2[nH]ncc12)c1cccc(Cl)c1,4.736837535037783,5.690369832574102
OCC(Nc1cc(Br)cc2[nH]ncc12)c1ccccc1,4.367846516489367,6.481486060122113
OCCC1c2ccccc2-c2cncn21,5.7167812539024645,7.698970004336019
OCCc1cc(C(F)(F)F)cn2cncc12,4.0,4.0
OCCn1cc(-c2ccc(N3CCC([C@H]4c5c(F)cccc5-c5cncn54)CC3)cc2)cn1,8.03526907894637,7.376750709602099
ON=C1CCC(CNc2cc(Br)cc3[nH]ncc23)CC1,5.79317412396815,6.346787486224656
O[C@@H](CC1CCCCC1)c1c(C2CC2)sc2cncn12,7.987162775294828,6.5718652059712115
O[C@@H](CC1CCCCC1)c1c(C2CCC2)sc2cncn12,6.913640169325252,6.59176003468815
O[C@@H](c1c(C2CC2)sc2cncn12)C1CCC(c2ccccc2)CC1,8.190440285364732,5.638272163982407
O[C@@H](c1c(C2CC2)sc2cncn12)[C@@H]1C[C@H]2CCC1C2,7.79317412396815,6.721246399047171
O[C@@H](c1c(C2CCC2)sc2cncn12)C1CCCCC1,7.401209493236885,6.860120913598763
O[C@@H](c1c(C2CCCC2)sc2cncn12)C1CCCCC1,6.882728704344236,6.882728704344236
O[C@@H](c1ccccc1)c1c(C2CC2)sc2cncn12,7.698970004336019,6.306273051076353
O[C@@H](c1cn2cncc2cc1Cl)C1CCCCC1,8.017728766960431,7.5376020021010435
O[C@@H]1CCCC[C@H]1CNc1c(Br)ccc2[nH]ncc12,5.910094888560602,4.949233688766958
O[C@@H]1CCCC[C@H]1CNc1cc(Br)cc2[nH]ncc12,6.1938200260161125,7.397940008672037
O[C@@H]1CCCC[C@H]1CNc1cc(Br)cc2cn[nH]c12,4.180192935409244,4.4071573168689
O[C@@H]1CCCC[C@H]1CNc1cc(C(F)(F)F)cc2[nH]ncc12,5.436518914605589,6.3979400086720375
O[C@@H]1CCCC[C@H]1CNc1cc(Cl)cc2[nH]ncc12,5.728158393463501,6.886056647693163
O[C@@H]1c2ccnn2CC[C@H]1[C@H]1c2ccccc2-c2cncn21,5.346787486224656,6.886056647693163
O[C@H](CC1CCCC1)c1c(C2CC2)sc2cncn12,7.688246138944246,6.448550002027125
O[C@H](CC1CCCCC1)c1c(C2CCC2)sc2cncn12,7.140861702705469,6.889410289700751
O[C@H](CC1CCCCC1)c1c(C2CCCC2)sc2cncn12,6.721246399047171,6.785156151952302
O[C@H](CC1CCCCC1)c1c(Cl)sc2cncn12,7.448550002027125,6.181774106386045
O[C@H](CC1CCCCCC1)c1c(C2CC2)sc2cncn12,7.653647025549361,6.446116973356125
O[C@H](C[C@H]1c2c(F)cccc2-c2cncn21)[C@H]1CC[C@H](O)CC1,7.552841968657781,6.607303046740334
O[C@H](C[C@H]1c2ccccc2-c2cncn21)C1CCCCC1,7.090228032229065,6.431798275933005
O[C@H](c1c(-c2ccccc2)sc2cncn12)C1CCCCC1,6.616184634019569,6.767003889607846
O[C@H](c1c(C(F)(F)F)sc2cncn12)C1CCCCC1,7.679853713888946,6.467245621007502
O[C@H](c1c(C2CC2)sc2cncn12)C1CCCCC1,8.1249387366083,6.939302159646388
O[C@H](c1c(Cl)sc2cncn12)C1CCCCC1,7.031517051446065,6.790484985457369
O[C@H](c1cc(Cl)cc2cncn12)C1CCCCC1,8.017728766960431,7.777665384530737
O[C@H]1CCCC[C@@H]1CNc1cc(Br)cc2[nH]ncc12,5.54515513999149,7.045757490560675
Oc1c(/N=N/c2nnn[nH]2)ccc2ccccc12,5.422508200162775,4.652669984683049
Oc1ccc(/N=N/c2nccs2)c(O)c1,4.34640161815671,4.363712747901487
Oc1ccc(CNc2cc(Br)cc3[nH]ncc23)cc1,5.262222513207934,5.732828271596986
Oc1ccc(CNc2cc(C(F)(F)F)cc3[nH]ncc23)c(Cl)c1,5.220403508742176,5.5718652059712115
Oc1ccc(CNc2cc(C(F)(F)F)cc3[nH]ncc23)cc1,4.43486084803021,5.5934598195660445
Oc1ccc(Cl)cc1-c1cncn1Cc1cc2cc(F)ccc2[nH]1,7.471083299722345,4.2644011003018205
Oc1ccc(F)cc1-c1cncn1Cc1cc2cc(Br)ccc2[nH]1,7.0,4.154281982033341
Oc1ccc(F)cc1-c1cncn1Cc1cc2cc(F)ccc2[nH]1,6.94692155651658,4.075720713938118
Oc1cccc(-c2cncn2Cc2cc3cc(F)ccc3[nH]2)c1,5.333482019445119,4.371611069949688
Oc1cccc2cc(-c3ccccc3)ncc12,4.1516261161553984,4.601365675461608
Oc1ccccc1-c1nc2c3ccccc3c3ccccc3c2[nH]1,5.018195796107215,4.911863911299449
c1ccc2c(c1)[nH]c1c(-c3c[nH]cn3)nccc12,5.452225294612178,5.939302159646388
c1ccc2c(c1)[nH]c1c(-c3cnn[nH]3)nccc12,4.8576105338811635,4.709742730605482
c1ccc2c(c1)[nH]c1cnccc12,5.483288122256525,5.920818753952375
